niche,map_id,scenario,best_performance,combination
10000,8,1,4.552382820167239,1
10000,8,2,2.348441340935712,1
10000,8,3,1.928769551396056,1
10000,8,4,0.5781791994835936,1
10000,8,5,0.6266062002589241,1
